classes_list,coordinates_list,created_at,effective_severity_level,ignored,key,problems_list,factors_list,model,value,status,title,type,updated_at,id
"{'id': 'CWE-94', 'source': 'CWE', 'type': 'weakness'}","{'is_fixable_manually': False, 'is_fixable_snyk': False, 'is_fixable_upstream': False, 'is_patchable': False, 'is_pinnable': False, 'is_upgradeable': False, 'reachability': 'no-info', 'representations': [{'dependency': {'package_name': 'vm2', 'package_version': '3.9.3'}}]}",2024-02-08T01:22:34.968Z,critical,False,SNYK-JS-VM2-5772825,"{'id': 'SNYK-JS-VM2-5772825', 'source': 'SNYK', 'type': 'vulnerability', 'updated_at': '2024-03-17T20:09:09.86315Z'},{'id': 'CVE-2023-37466', 'source': 'NVD', 'type': 'vulnerability', 'updated_at': '2024-03-17T20:09:09.863151Z', 'url': 'https://nvd.nist.gov/vuln/detail/CVE-2023-37466'}",,v1,374,open,Remote Code Execution (RCE),package_vulnerability,2024-03-17T20:09:08.857Z,174ac381-045d-4a74-8769-a937294c9a8b
"{'id': 'CWE-265', 'source': 'CWE', 'type': 'weakness'}","{'is_fixable_manually': False, 'is_fixable_snyk': False, 'is_fixable_upstream': False, 'is_patchable': False, 'is_pinnable': False, 'is_upgradeable': False, 'reachability': 'no-info', 'representations': [{'dependency': {'package_name': 'vm2', 'package_version': '3.9.3'}}]}",2024-02-08T01:22:34.968Z,critical,False,SNYK-JS-VM2-5537100,"{'id': 'SNYK-JS-VM2-5537100', 'source': 'SNYK', 'type': 'vulnerability', 'updated_at': '2024-04-15T20:27:05.738152Z'},{'id': 'CVE-2023-32314', 'source': 'NVD', 'type': 'vulnerability', 'updated_at': '2024-04-15T20:27:05.738153Z', 'url': 'https://nvd.nist.gov/vuln/detail/CVE-2023-32314'}",,v1,277,open,Sandbox Bypass,package_vulnerability,2024-04-15T20:27:04.675Z,1f162843-5d63-4f25-be6b-fba5104dfe68
"{'id': 'CWE-265', 'source': 'CWE', 'type': 'weakness'}","{'is_fixable_manually': False, 'is_fixable_snyk': False, 'is_fixable_upstream': False, 'is_patchable': False, 'is_pinnable': False, 'is_upgradeable': False, 'reachability': 'no-info', 'representations': [{'dependency': {'package_name': 'vm2', 'package_version': '3.9.3'}}]}",2024-02-08T01:22:34.968Z,critical,False,SNYK-JS-VM2-5415299,"{'id': 'SNYK-JS-VM2-5415299', 'source': 'SNYK', 'type': 'vulnerability', 'updated_at': '2024-04-14T18:34:21.059448Z'},{'id': 'CVE-2023-29017', 'source': 'NVD', 'type': 'vulnerability', 'updated_at': '2024-04-14T18:34:21.059449Z', 'url': 'https://nvd.nist.gov/vuln/detail/CVE-2023-29017'}",,v1,254,open,Sandbox Escape,package_vulnerability,2024-04-14T18:34:20.428Z,422d94d1-3c32-4254-9a4d-425b69d4962b
"{'id': 'CWE-755', 'source': 'CWE', 'type': 'weakness'}","{'is_fixable_manually': False, 'is_fixable_snyk': False, 'is_fixable_upstream': False, 'is_patchable': False, 'is_pinnable': False, 'is_upgradeable': False, 'reachability': 'no-info', 'representations': [{'dependency': {'package_name': 'vm2', 'package_version': '3.9.3'}}]}",2024-02-08T01:22:34.968Z,critical,False,SNYK-JS-VM2-5426093,"{'id': 'SNYK-JS-VM2-5426093', 'source': 'SNYK', 'type': 'vulnerability', 'updated_at': '2024-04-19T02:28:55.515443Z'},{'id': 'CVE-2023-30547', 'source': 'NVD', 'type': 'vulnerability', 'updated_at': '2024-04-19T02:28:55.515446Z', 'url': 'https://nvd.nist.gov/vuln/detail/CVE-2023-30547'}",,v1,186,open,Improper Handling of Exceptional Conditions,package_vulnerability,2024-04-19T02:20:33.578Z,4ebaaf13-c2e8-4327-a659-43256dedddcf
"{'id': 'CWE-94', 'source': 'CWE', 'type': 'weakness'}","{'is_fixable_manually': False, 'is_fixable_snyk': False, 'is_fixable_upstream': False, 'is_patchable': False, 'is_pinnable': False, 'is_upgradeable': False, 'reachability': 'no-info', 'representations': [{'dependency': {'package_name': 'vm2', 'package_version': '3.9.3'}}]}",2024-02-08T01:22:34.968Z,critical,False,SNYK-JS-VM2-2990237,"{'id': 'SNYK-JS-VM2-2990237', 'source': 'SNYK', 'type': 'vulnerability', 'updated_at': '2024-02-21T20:12:38.329458Z'},{'id': 'CVE-2022-25893', 'source': 'NVD', 'type': 'vulnerability', 'updated_at': '2024-02-21T20:12:38.329459Z', 'url': 'https://nvd.nist.gov/vuln/detail/CVE-2022-25893'}",,v1,259,open,Arbitrary Code Execution,package_vulnerability,2024-02-21T20:12:23.154Z,5259ad4e-7e38-4bfb-89ac-e499f111ca7c
"{'id': 'CWE-1321', 'source': 'CWE', 'type': 'weakness'},{'id': 'CWE-265', 'source': 'CWE', 'type': 'weakness'}","{'is_fixable_manually': False, 'is_fixable_snyk': False, 'is_fixable_upstream': False, 'is_patchable': False, 'is_pinnable': False, 'is_upgradeable': False, 'reachability': 'no-info', 'representations': [{'dependency': {'package_name': 'vm2', 'package_version': '3.9.3'}}]}",2024-02-08T01:22:34.968Z,critical,False,SNYK-JS-VM2-1585918,"{'id': 'SNYK-JS-VM2-1585918', 'source': 'SNYK', 'type': 'vulnerability', 'updated_at': '2024-02-21T20:12:38.329669Z'},{'id': 'CVE-2021-23449', 'source': 'NVD', 'type': 'vulnerability', 'updated_at': '2024-02-21T20:12:38.32967Z', 'url': 'https://nvd.nist.gov/vuln/detail/CVE-2021-23449'}",,v1,260,open,Sandbox Bypass,package_vulnerability,2024-02-21T20:12:23.154Z,6cd3e35d-deac-43a5-bcc7-989b4b3f5cbe
"{'id': 'CWE-265', 'source': 'CWE', 'type': 'weakness'}","{'is_fixable_manually': False, 'is_fixable_snyk': False, 'is_fixable_upstream': False, 'is_patchable': False, 'is_pinnable': False, 'is_upgradeable': False, 'reachability': 'no-info', 'representations': [{'dependency': {'package_name': 'vm2', 'package_version': '3.9.3'}}]}",2024-02-08T01:22:34.968Z,critical,False,SNYK-JS-VM2-3018201,"{'id': 'SNYK-JS-VM2-3018201', 'source': 'SNYK', 'type': 'vulnerability', 'updated_at': '2024-04-29T19:05:33.246042Z'},{'id': 'CVE-2022-36067', 'source': 'NVD', 'type': 'vulnerability', 'updated_at': '2024-04-29T19:05:33.246045Z', 'url': 'https://nvd.nist.gov/vuln/detail/CVE-2022-36067'}",,v1,256,open,Sandbox Bypass,package_vulnerability,2024-04-29T19:05:32.197Z,7898492d-db36-4c6d-a665-a2acec82f3d3
"{'id': 'CWE-1321', 'source': 'CWE', 'type': 'weakness'},{'id': 'CWE-265', 'source': 'CWE', 'type': 'weakness'}","{'is_fixable_manually': False, 'is_fixable_snyk': False, 'is_fixable_upstream': False, 'is_patchable': False, 'is_pinnable': False, 'is_upgradeable': False, 'reachability': 'no-info', 'representations': [{'dependency': {'package_name': 'vm2', 'package_version': '3.9.3'}}]}",2024-02-08T01:22:34.968Z,critical,False,SNYK-JS-VM2-2309905,"{'id': 'SNYK-JS-VM2-2309905', 'source': 'SNYK', 'type': 'vulnerability', 'updated_at': '2024-02-21T20:12:38.329658Z'},{'id': 'CVE-2021-23555', 'source': 'NVD', 'type': 'vulnerability', 'updated_at': '2024-02-21T20:12:38.329659Z', 'url': 'https://nvd.nist.gov/vuln/detail/CVE-2021-23555'}",,v1,259,open,Sandbox Bypass,package_vulnerability,2024-02-21T20:12:23.154Z,9bf0f856-d6e9-406e-b41e-b55255bcfd2f
"{'id': 'CWE-89', 'source': 'CWE', 'type': 'weakness'}","{'is_fixable_manually': False, 'is_fixable_snyk': True, 'is_fixable_upstream': False, 'is_patchable': False, 'is_pinnable': False, 'is_upgradeable': True, 'reachability': 'no-info', 'representations': [{'dependency': {'package_name': 'sequelize', 'package_version': '5.22.5'}}]}",2024-02-08T01:22:34.968Z,critical,False,SNYK-JS-SEQUELIZE-2932027,"{'id': 'SNYK-JS-SEQUELIZE-2932027', 'source': 'SNYK', 'type': 'vulnerability', 'updated_at': '2024-02-21T20:12:38.329674Z'},{'id': 'CVE-2023-25813', 'source': 'NVD', 'type': 'vulnerability', 'updated_at': '2024-02-21T20:12:38.329675Z', 'url': 'https://nvd.nist.gov/vuln/detail/CVE-2023-25813'}",,v1,321,open,SQL Injection,package_vulnerability,2024-02-21T20:12:23.154Z,ad88b562-7a4c-4371-8048-5568a0c38dc3
"{'id': 'CWE-94', 'source': 'CWE', 'type': 'weakness'}","{'is_fixable_manually': False, 'is_fixable_snyk': False, 'is_fixable_upstream': False, 'is_patchable': False, 'is_pinnable': False, 'is_upgradeable': False, 'reachability': 'no-info', 'representations': [{'dependency': {'package_name': 'vm2', 'package_version': '3.9.3'}}]}",2024-02-08T01:22:34.968Z,critical,False,SNYK-JS-VM2-5772823,"{'id': 'SNYK-JS-VM2-5772823', 'source': 'SNYK', 'type': 'vulnerability', 'updated_at': '2024-02-21T20:12:38.329901Z'},{'id': 'CVE-2023-37903', 'source': 'NVD', 'type': 'vulnerability', 'updated_at': '2024-02-21T20:12:38.329901Z', 'url': 'https://nvd.nist.gov/vuln/detail/CVE-2023-37903'}",,v1,276,open,Remote Code Execution (RCE),package_vulnerability,2024-02-21T20:12:23.154Z,bf4e2c45-272f-425e-951d-cbdfc1926d7a
"{'id': 'CWE-89', 'source': 'CWE', 'type': 'weakness'}","{'is_fixable_manually': False, 'is_fixable_snyk': True, 'is_fixable_upstream': False, 'is_patchable': False, 'is_pinnable': False, 'is_upgradeable': True, 'reachability': 'no-info', 'representations': [{'dependency': {'package_name': 'socket.io-parser', 'package_version': '3.4.1'}}]},{'is_fixable_manually': False, 'is_fixable_snyk': True, 'is_fixable_upstream': False, 'is_patchable': False, 'is_pinnable': False, 'is_upgradeable': True, 'reachability': 'no-info', 'representations': [{'dependency': {'package_name': 'socket.io-parser', 'package_version': '3.3.2'}}]}",2024-02-08T01:22:34.968Z,critical,False,SNYK-JS-SOCKETIOPARSER-3091012,"{'id': 'SNYK-JS-SOCKETIOPARSER-3091012', 'source': 'SNYK', 'type': 'vulnerability', 'updated_at': '2024-02-21T20:12:38.329849Z'},{'id': 'CVE-2022-2421', 'source': 'NVD', 'type': 'vulnerability', 'updated_at': '2024-02-21T20:12:38.32985Z', 'url': 'https://nvd.nist.gov/vuln/detail/CVE-2022-2421'}",,v1,186,open,Improper Input Validation,package_vulnerability,2024-02-21T20:12:23.154Z,cf7a99b7-343c-4f09-b0a8-1c90a8681224
"{'id': 'CWE-913', 'source': 'CWE', 'type': 'weakness'}","{'is_fixable_manually': False, 'is_fixable_snyk': False, 'is_fixable_upstream': False, 'is_patchable': False, 'is_pinnable': False, 'is_upgradeable': False, 'reachability': 'no-info', 'representations': [{'dependency': {'package_name': 'vm2', 'package_version': '3.9.3'}}]}",2024-02-08T01:22:34.968Z,critical,False,SNYK-JS-VM2-5422057,"{'id': 'SNYK-JS-VM2-5422057', 'source': 'SNYK', 'type': 'vulnerability', 'updated_at': '2024-04-21T20:32:13.492817Z'},{'id': 'CVE-2023-29199', 'source': 'NVD', 'type': 'vulnerability', 'updated_at': '2024-04-21T20:32:13.49282Z', 'url': 'https://nvd.nist.gov/vuln/detail/CVE-2023-29199'}",,v1,263,open,Sandbox Escape,package_vulnerability,2024-04-21T20:32:08.472Z,d54ad97a-867c-4fb3-a9b8-1574df86c7a9
"{'id': 'CWE-94', 'source': 'CWE', 'type': 'weakness'}","{'is_fixable_manually': False, 'is_fixable_snyk': True, 'is_fixable_upstream': False, 'is_patchable': False, 'is_pinnable': False, 'is_upgradeable': True, 'reachability': 'no-info', 'representations': [{'dependency': {'package_name': 'sanitize-html', 'package_version': '1.4.2'}}]}",2024-02-08T01:22:34.968Z,critical,False,SNYK-JS-SANITIZEHTML-585892,"{'id': 'SNYK-JS-SANITIZEHTML-585892', 'source': 'SNYK', 'type': 'vulnerability', 'updated_at': '2024-02-21T20:12:38.329888Z'}",,v1,233,open,Arbitrary Code Execution,package_vulnerability,2024-02-21T20:12:23.154Z,d743eed3-cbca-4b77-a63d-4035057592d2
"{'id': 'CWE-94', 'source': 'CWE', 'type': 'weakness'}","{'is_fixable_manually': False, 'is_fixable_snyk': False, 'is_fixable_upstream': False, 'is_patchable': False, 'is_pinnable': False, 'is_upgradeable': False, 'reachability': 'no-info', 'representations': [{'dependency': {'package_name': 'marsdb', 'package_version': '0.6.11'}}]}",2024-02-08T01:22:34.968Z,critical,False,SNYK-JS-MARSDB-480405,"{'id': 'SNYK-JS-MARSDB-480405', 'source': 'SNYK', 'type': 'vulnerability', 'updated_at': '2024-02-21T20:12:38.329803Z'}",,v1,251,open,Arbitrary Code Injection,package_vulnerability,2024-02-21T20:12:23.153Z,f4136a0b-2650-4a83-b6f1-0eca6ed4cfec
"{'id': 'CWE-668', 'source': 'CWE', 'type': 'weakness'}","{'is_fixable_manually': False, 'is_fixable_snyk': True, 'is_fixable_upstream': False, 'is_patchable': False, 'is_pinnable': False, 'is_upgradeable': True, 'reachability': 'no-info', 'representations': [{'dependency': {'package_name': 'curl', 'package_version': '7.64.0-4+deb10u2'}}]},{'is_fixable_manually': False, 'is_fixable_snyk': True, 'is_fixable_upstream': False, 'is_patchable': False, 'is_pinnable': False, 'is_upgradeable': True, 'reachability': 'no-info', 'representations': [{'dependency': {'package_name': 'curl/libcurl4-openssl-dev', 'package_version': '7.64.0-4+deb10u2'}}]},{'is_fixable_manually': False, 'is_fixable_snyk': False, 'is_fixable_upstream': False, 'is_patchable': False, 'is_pinnable': False, 'is_upgradeable': False, 'reachability': 'no-info', 'representations': [{'dependency': {'package_name': 'curl/libcurl3-gnutls', 'package_version': '7.64.0-4+deb10u2'}}]},{'is_fixable_manually': False, 'is_fixable_snyk': False, 'is_fixable_upstream': False, 'is_patchable': False, 'is_pinnable': False, 'is_upgradeable': False, 'reachability': 'no-info', 'representations': [{'dependency': {'package_name': 'curl/libcurl4', 'package_version': '7.64.0-4+deb10u2'}}]}",2024-02-08T01:38:40.914Z,critical,False,SNYK-DEBIAN10-CURL-3065760,"{'id': 'CVE-2022-32221', 'source': 'NVD', 'type': 'vulnerability', 'updated_at': '2024-03-12T23:08:15.788341Z', 'url': 'https://nvd.nist.gov/vuln/detail/CVE-2022-32221'},{'id': 'SNYK-DEBIAN10-CURL-3065760', 'source': 'SNYK', 'type': 'vulnerability', 'updated_at': '2024-03-12T23:08:15.788341Z'}",,v1,241,open,Exposure of Resource to Wrong Sphere,package_vulnerability,2024-03-12T23:08:12.67Z,200e08d3-6aac-4514-9d83-095229818679
"{'id': 'CWE-917', 'source': 'CWE', 'type': 'weakness'}","{'is_fixable_manually': False, 'is_fixable_snyk': True, 'is_fixable_upstream': False, 'is_patchable': False, 'is_pinnable': False, 'is_upgradeable': True, 'reachability': 'no-info', 'representations': [{'dependency': {'package_name': 'apache-log4j2/liblog4j2-java', 'package_version': '2.11.1-2'}}]}",2024-02-08T01:38:40.914Z,critical,False,SNYK-DEBIAN10-APACHELOG4J2-2320108,"{'id': 'SNYK-DEBIAN10-APACHELOG4J2-2320108', 'source': 'SNYK', 'type': 'vulnerability', 'updated_at': '2024-02-22T07:21:19.96396Z'},{'id': 'CVE-2021-45046', 'source': 'NVD', 'type': 'vulnerability', 'updated_at': '2024-02-22T07:21:19.963961Z', 'url': 'https://nvd.nist.gov/vuln/detail/CVE-2021-45046'}",,v1,910,open,Expression Language Injection,package_vulnerability,2024-02-22T07:21:06.227Z,51726d1e-4077-41d2-9850-dc57c028b50c
"{'id': 'CWE-20', 'source': 'CWE', 'type': 'weakness'},{'id': 'CWE-400', 'source': 'CWE', 'type': 'weakness'},{'id': 'CWE-502', 'source': 'CWE', 'type': 'weakness'}","{'is_fixable_manually': False, 'is_fixable_snyk': True, 'is_fixable_upstream': False, 'is_patchable': False, 'is_pinnable': False, 'is_upgradeable': True, 'reachability': 'no-info', 'representations': [{'dependency': {'package_name': 'apache-log4j2/liblog4j2-java', 'package_version': '2.11.1-2'}}]}",2024-02-08T01:38:40.914Z,critical,False,SNYK-DEBIAN10-APACHELOG4J2-2314898,"{'id': 'SNYK-DEBIAN10-APACHELOG4J2-2314898', 'source': 'SNYK', 'type': 'vulnerability', 'updated_at': '2024-02-22T07:21:26.572847Z'},{'id': 'CVE-2021-44228', 'source': 'NVD', 'type': 'vulnerability', 'updated_at': '2024-02-22T07:21:26.572847Z', 'url': 'https://nvd.nist.gov/vuln/detail/CVE-2021-44228'}",,v1,943,open,Improper Input Validation,package_vulnerability,2024-02-22T07:21:06.226Z,9143ba0e-c580-494b-8104-1f3d263c14e2
"{'id': 'CWE-22', 'source': 'CWE', 'type': 'weakness'}","{'is_fixable_manually': False, 'is_fixable_snyk': False, 'is_fixable_upstream': False, 'is_patchable': False, 'is_pinnable': False, 'is_upgradeable': False, 'reachability': 'no-info', 'representations': [{'dependency': {'package_name': 'dpkg/libdpkg-perl', 'package_version': '1.19.7'}}]},{'is_fixable_manually': False, 'is_fixable_snyk': True, 'is_fixable_upstream': False, 'is_patchable': False, 'is_pinnable': False, 'is_upgradeable': True, 'reachability': 'no-info', 'representations': [{'dependency': {'package_name': 'dpkg', 'package_version': '1.19.7'}}]},{'is_fixable_manually': False, 'is_fixable_snyk': True, 'is_fixable_upstream': False, 'is_patchable': False, 'is_pinnable': False, 'is_upgradeable': True, 'reachability': 'no-info', 'representations': [{'dependency': {'package_name': 'dpkg/dpkg-dev', 'package_version': '1.19.7'}}]}",2024-02-08T01:38:40.915Z,critical,False,SNYK-DEBIAN10-DPKG-2847944,"{'id': 'SNYK-DEBIAN10-DPKG-2847944', 'source': 'SNYK', 'type': 'vulnerability', 'updated_at': '2024-02-22T07:21:19.964251Z'},{'id': 'CVE-2022-1664', 'source': 'NVD', 'type': 'vulnerability', 'updated_at': '2024-02-22T07:21:19.964251Z', 'url': 'https://nvd.nist.gov/vuln/detail/CVE-2022-1664'}",,v1,242,open,Directory Traversal,package_vulnerability,2024-02-22T07:21:06.235Z,13dd8279-70f3-4dd5-aec5-c4c2fdc162af
"{'id': 'CWE-120', 'source': 'CWE', 'type': 'weakness'}","{'is_fixable_manually': False, 'is_fixable_snyk': True, 'is_fixable_upstream': False, 'is_patchable': False, 'is_pinnable': False, 'is_upgradeable': True, 'reachability': 'no-info', 'representations': [{'dependency': {'package_name': 'glibc/libc-bin', 'package_version': '2.28-10+deb10u1'}}]},{'is_fixable_manually': False, 'is_fixable_snyk': True, 'is_fixable_upstream': False, 'is_patchable': False, 'is_pinnable': False, 'is_upgradeable': True, 'reachability': 'no-info', 'representations': [{'dependency': {'package_name': 'glibc/libc6', 'package_version': '2.28-10+deb10u1'}}]},{'is_fixable_manually': False, 'is_fixable_snyk': True, 'is_fixable_upstream': False, 'is_patchable': False, 'is_pinnable': False, 'is_upgradeable': True, 'reachability': 'no-info', 'representations': [{'dependency': {'package_name': 'glibc/libc6-dev', 'package_version': '2.28-10+deb10u1'}}]},{'is_fixable_manually': False, 'is_fixable_snyk': True, 'is_fixable_upstream': False, 'is_patchable': False, 'is_pinnable': False, 'is_upgradeable': True, 'reachability': 'no-info', 'representations': [{'dependency': {'package_name': 'glibc/libc-dev-bin', 'package_version': '2.28-10+deb10u1'}}]}",2024-02-08T01:38:40.915Z,critical,False,SNYK-DEBIAN10-GLIBC-2340923,"{'id': 'SNYK-DEBIAN10-GLIBC-2340923', 'source': 'SNYK', 'type': 'vulnerability', 'updated_at': '2024-04-08T18:14:49.465637Z'},{'id': 'CVE-2022-23218', 'source': 'NVD', 'type': 'vulnerability', 'updated_at': '2024-04-08T18:14:49.465638Z', 'url': 'https://nvd.nist.gov/vuln/detail/CVE-2022-23218'}",,v1,242,open,Buffer Overflow,package_vulnerability,2024-04-08T18:14:47.417Z,29c1ffc4-1174-410a-aea7-c4916b442526
"{'id': 'CWE-190', 'source': 'CWE', 'type': 'weakness'}","{'is_fixable_manually': False, 'is_fixable_snyk': True, 'is_fixable_upstream': False, 'is_patchable': False, 'is_pinnable': False, 'is_upgradeable': True, 'reachability': 'no-info', 'representations': [{'dependency': {'package_name': 'git', 'package_version': '1:2.20.1-2+deb10u3'}}]},{'is_fixable_manually': False, 'is_fixable_snyk': False, 'is_fixable_upstream': False, 'is_patchable': False, 'is_pinnable': False, 'is_upgradeable': False, 'reachability': 'no-info', 'representations': [{'dependency': {'package_name': 'git/git-man', 'package_version': '1:2.20.1-2+deb10u3'}}]}",2024-02-08T01:38:40.915Z,critical,False,SNYK-DEBIAN10-GIT-3232719,"{'id': 'SNYK-DEBIAN10-GIT-3232719', 'source': 'SNYK', 'type': 'vulnerability', 'updated_at': '2024-02-22T07:21:26.573771Z'},{'id': 'CVE-2022-41903', 'source': 'NVD', 'type': 'vulnerability', 'updated_at': '2024-02-22T07:21:26.573772Z', 'url': 'https://nvd.nist.gov/vuln/detail/CVE-2022-41903'}",,v1,240,open,Integer Overflow or Wraparound,package_vulnerability,2024-02-22T07:21:06.236Z,6ff1958e-28ca-4ba0-85b9-27892bbfa333
"{'id': 'CWE-787', 'source': 'CWE', 'type': 'weakness'}","{'is_fixable_manually': False, 'is_fixable_snyk': False, 'is_fixable_upstream': False, 'is_patchable': False, 'is_pinnable': False, 'is_upgradeable': False, 'reachability': 'no-info', 'representations': [{'dependency': {'package_name': 'freetype/libfreetype6-dev', 'package_version': '2.9.1-3+deb10u2'}}]},{'is_fixable_manually': False, 'is_fixable_snyk': True, 'is_fixable_upstream': False, 'is_patchable': False, 'is_pinnable': False, 'is_upgradeable': True, 'reachability': 'no-info', 'representations': [{'dependency': {'package_name': 'freetype/libfreetype6', 'package_version': '2.9.1-3+deb10u2'}}]}",2024-02-08T01:38:40.915Z,critical,False,SNYK-DEBIAN10-FREETYPE-2774655,"{'id': 'SNYK-DEBIAN10-FREETYPE-2774655', 'source': 'SNYK', 'type': 'vulnerability', 'updated_at': '2024-02-22T07:21:26.571991Z'},{'id': 'CVE-2022-27404', 'source': 'NVD', 'type': 'vulnerability', 'updated_at': '2024-02-22T07:21:26.571991Z', 'url': 'https://nvd.nist.gov/vuln/detail/CVE-2022-27404'}",,v1,242,open,Out-of-bounds Write,package_vulnerability,2024-02-22T07:21:06.235Z,7b5c2a2e-7362-48ed-858e-cad73af45cd6
"{'id': 'CWE-190', 'source': 'CWE', 'type': 'weakness'}","{'is_fixable_manually': False, 'is_fixable_snyk': False, 'is_fixable_upstream': False, 'is_patchable': False, 'is_pinnable': False, 'is_upgradeable': False, 'reachability': 'no-info', 'representations': [{'dependency': {'package_name': 'git/git-man', 'package_version': '1:2.20.1-2+deb10u3'}}]},{'is_fixable_manually': False, 'is_fixable_snyk': True, 'is_fixable_upstream': False, 'is_patchable': False, 'is_pinnable': False, 'is_upgradeable': True, 'reachability': 'no-info', 'representations': [{'dependency': {'package_name': 'git', 'package_version': '1:2.20.1-2+deb10u3'}}]}",2024-02-08T01:38:40.915Z,critical,False,SNYK-DEBIAN10-GIT-3232718,"{'id': 'SNYK-DEBIAN10-GIT-3232718', 'source': 'SNYK', 'type': 'vulnerability', 'updated_at': '2024-03-14T15:26:19.274259Z'},{'id': 'CVE-2022-23521', 'source': 'NVD', 'type': 'vulnerability', 'updated_at': '2024-03-14T15:26:19.27426Z', 'url': 'https://nvd.nist.gov/vuln/detail/CVE-2022-23521'}",,v1,243,open,Integer Overflow or Wraparound,package_vulnerability,2024-03-14T15:26:13.345Z,a0271c8d-b09b-4b3a-87ab-b4b8a66abddd
"{'id': 'CWE-125', 'source': 'CWE', 'type': 'weakness'}","{'is_fixable_manually': False, 'is_fixable_snyk': False, 'is_fixable_upstream': False, 'is_patchable': False, 'is_pinnable': False, 'is_upgradeable': False, 'reachability': 'no-info', 'representations': [{'dependency': {'package_name': 'db5.3/libdb5.3', 'package_version': '5.3.28+dfsg1-0.5'}}]},{'is_fixable_manually': False, 'is_fixable_snyk': False, 'is_fixable_upstream': False, 'is_patchable': False, 'is_pinnable': False, 'is_upgradeable': False, 'reachability': 'no-info', 'representations': [{'dependency': {'package_name': 'db5.3/libdb5.3-dev', 'package_version': '5.3.28+dfsg1-0.5'}}]}",2024-02-08T01:38:40.915Z,critical,False,SNYK-DEBIAN10-DB53-2825169,"{'id': 'SNYK-DEBIAN10-DB53-2825169', 'source': 'SNYK', 'type': 'vulnerability', 'updated_at': '2024-02-22T07:21:26.574552Z'},{'id': 'CVE-2019-8457', 'source': 'NVD', 'type': 'vulnerability', 'updated_at': '2024-02-22T07:21:26.574553Z', 'url': 'https://nvd.nist.gov/vuln/detail/CVE-2019-8457'}",,v1,241,open,Out-of-bounds Read,package_vulnerability,2024-02-22T07:21:06.234Z,b5388eb3-6509-48d4-ba19-16b24bcd1384
"{'id': 'CWE-190', 'source': 'CWE', 'type': 'weakness'}","{'is_fixable_manually': False, 'is_fixable_snyk': True, 'is_fixable_upstream': False, 'is_patchable': False, 'is_pinnable': False, 'is_upgradeable': True, 'reachability': 'no-info', 'representations': [{'dependency': {'package_name': 'glibc/libc6-dev', 'package_version': '2.28-10+deb10u1'}}]},{'is_fixable_manually': False, 'is_fixable_snyk': True, 'is_fixable_upstream': False, 'is_patchable': False, 'is_pinnable': False, 'is_upgradeable': True, 'reachability': 'no-info', 'representations': [{'dependency': {'package_name': 'glibc/libc-bin', 'package_version': '2.28-10+deb10u1'}}]},{'is_fixable_manually': False, 'is_fixable_snyk': True, 'is_fixable_upstream': False, 'is_patchable': False, 'is_pinnable': False, 'is_upgradeable': True, 'reachability': 'no-info', 'representations': [{'dependency': {'package_name': 'glibc/libc-dev-bin', 'package_version': '2.28-10+deb10u1'}}]},{'is_fixable_manually': False, 'is_fixable_snyk': True, 'is_fixable_upstream': False, 'is_patchable': False, 'is_pinnable': False, 'is_upgradeable': True, 'reachability': 'no-info', 'representations': [{'dependency': {'package_name': 'glibc/libc6', 'package_version': '2.28-10+deb10u1'}}]}",2024-02-08T01:38:40.915Z,critical,False,SNYK-DEBIAN10-GLIBC-1315333,"{'id': 'SNYK-DEBIAN10-GLIBC-1315333', 'source': 'SNYK', 'type': 'vulnerability', 'updated_at': '2024-02-22T07:21:26.573653Z'},{'id': 'CVE-2021-35942', 'source': 'NVD', 'type': 'vulnerability', 'updated_at': '2024-02-22T07:21:26.573654Z', 'url': 'https://nvd.nist.gov/vuln/detail/CVE-2021-35942'}",,v1,214,open,Integer Overflow or Wraparound,package_vulnerability,2024-02-22T07:21:06.237Z,c4c44a71-4927-4dab-8940-401e3704d910
"{'id': 'CWE-416', 'source': 'CWE', 'type': 'weakness'}","{'is_fixable_manually': False, 'is_fixable_snyk': True, 'is_fixable_upstream': False, 'is_patchable': False, 'is_pinnable': False, 'is_upgradeable': True, 'reachability': 'no-info', 'representations': [{'dependency': {'package_name': 'glibc/libc6-dev', 'package_version': '2.28-10+deb10u1'}}]},{'is_fixable_manually': False, 'is_fixable_snyk': True, 'is_fixable_upstream': False, 'is_patchable': False, 'is_pinnable': False, 'is_upgradeable': True, 'reachability': 'no-info', 'representations': [{'dependency': {'package_name': 'glibc/libc-bin', 'package_version': '2.28-10+deb10u1'}}]},{'is_fixable_manually': False, 'is_fixable_snyk': True, 'is_fixable_upstream': False, 'is_patchable': False, 'is_pinnable': False, 'is_upgradeable': True, 'reachability': 'no-info', 'representations': [{'dependency': {'package_name': 'glibc/libc-dev-bin', 'package_version': '2.28-10+deb10u1'}}]},{'is_fixable_manually': False, 'is_fixable_snyk': True, 'is_fixable_upstream': False, 'is_patchable': False, 'is_pinnable': False, 'is_upgradeable': True, 'reachability': 'no-info', 'representations': [{'dependency': {'package_name': 'glibc/libc6', 'package_version': '2.28-10+deb10u1'}}]}",2024-02-08T01:38:40.915Z,critical,False,SNYK-DEBIAN10-GLIBC-1296899,"{'id': 'SNYK-DEBIAN10-GLIBC-1296899', 'source': 'SNYK', 'type': 'vulnerability', 'updated_at': '2024-02-22T07:21:26.572166Z'},{'id': 'CVE-2021-33574', 'source': 'NVD', 'type': 'vulnerability', 'updated_at': '2024-02-22T07:21:26.572166Z', 'url': 'https://nvd.nist.gov/vuln/detail/CVE-2021-33574'}",,v1,244,open,Use After Free,package_vulnerability,2024-02-22T07:21:06.237Z,c6d820d3-37bc-4f12-8511-91503c807dcd
"{'id': 'CWE-120', 'source': 'CWE', 'type': 'weakness'}","{'is_fixable_manually': False, 'is_fixable_snyk': True, 'is_fixable_upstream': False, 'is_patchable': False, 'is_pinnable': False, 'is_upgradeable': True, 'reachability': 'no-info', 'representations': [{'dependency': {'package_name': 'glibc/libc6', 'package_version': '2.28-10+deb10u1'}}]},{'is_fixable_manually': False, 'is_fixable_snyk': True, 'is_fixable_upstream': False, 'is_patchable': False, 'is_pinnable': False, 'is_upgradeable': True, 'reachability': 'no-info', 'representations': [{'dependency': {'package_name': 'glibc/libc6-dev', 'package_version': '2.28-10+deb10u1'}}]},{'is_fixable_manually': False, 'is_fixable_snyk': True, 'is_fixable_upstream': False, 'is_patchable': False, 'is_pinnable': False, 'is_upgradeable': True, 'reachability': 'no-info', 'representations': [{'dependency': {'package_name': 'glibc/libc-dev-bin', 'package_version': '2.28-10+deb10u1'}}]},{'is_fixable_manually': False, 'is_fixable_snyk': True, 'is_fixable_upstream': False, 'is_patchable': False, 'is_pinnable': False, 'is_upgradeable': True, 'reachability': 'no-info', 'representations': [{'dependency': {'package_name': 'glibc/libc-bin', 'package_version': '2.28-10+deb10u1'}}]}",2024-02-08T01:38:40.915Z,critical,False,SNYK-DEBIAN10-GLIBC-2340915,"{'id': 'SNYK-DEBIAN10-GLIBC-2340915', 'source': 'SNYK', 'type': 'vulnerability', 'updated_at': '2024-04-08T18:14:49.465583Z'},{'id': 'CVE-2022-23219', 'source': 'NVD', 'type': 'vulnerability', 'updated_at': '2024-04-08T18:14:49.465587Z', 'url': 'https://nvd.nist.gov/vuln/detail/CVE-2022-23219'}",,v1,242,open,Buffer Overflow,package_vulnerability,2024-04-08T18:14:47.417Z,f6f7fbad-b56d-49a6-9864-620552aef2cc
"{'id': 'CWE-190', 'source': 'CWE', 'type': 'weakness'}","{'is_fixable_manually': False, 'is_fixable_snyk': False, 'is_fixable_upstream': False, 'is_patchable': False, 'is_pinnable': False, 'is_upgradeable': False, 'reachability': 'no-info', 'representations': [{'dependency': {'package_name': 'libksba/libksba8', 'package_version': '1.3.5-2'}}]}",2024-02-08T01:38:40.917Z,critical,False,SNYK-DEBIAN10-LIBKSBA-3050754,"{'id': 'SNYK-DEBIAN10-LIBKSBA-3050754', 'source': 'SNYK', 'type': 'vulnerability', 'updated_at': '2024-02-22T07:21:19.965687Z'},{'id': 'CVE-2022-3515', 'source': 'NVD', 'type': 'vulnerability', 'updated_at': '2024-02-22T07:21:19.965688Z', 'url': 'https://nvd.nist.gov/vuln/detail/CVE-2022-3515'}",,v1,181,open,Integer Overflow or Wraparound,package_vulnerability,2024-02-22T07:21:06.255Z,18d2dfe3-0159-4ca9-9241-9859a92a3b3a
"{'id': 'CWE-428', 'source': 'CWE', 'type': 'weakness'}","{'is_fixable_manually': False, 'is_fixable_snyk': True, 'is_fixable_upstream': False, 'is_patchable': False, 'is_pinnable': False, 'is_upgradeable': True, 'reachability': 'no-info', 'representations': [{'dependency': {'package_name': 'openssh/openssh-client', 'package_version': '1:7.9p1-10+deb10u2'}}]}",2024-02-08T01:38:40.917Z,critical,False,SNYK-DEBIAN10-OPENSSH-5788320,"{'id': 'SNYK-DEBIAN10-OPENSSH-5788320', 'source': 'SNYK', 'type': 'vulnerability', 'updated_at': '2024-02-22T07:21:19.963455Z'},{'id': 'CVE-2023-38408', 'source': 'NVD', 'type': 'vulnerability', 'updated_at': '2024-02-22T07:21:19.963456Z', 'url': 'https://nvd.nist.gov/vuln/detail/CVE-2023-38408'}",,v1,273,open,Unquoted Search Path or Element,package_vulnerability,2024-02-22T07:21:06.26Z,2e76b344-dd06-4f8d-83e7-a71e02c3fa2e
"{'id': 'CWE-190', 'source': 'CWE', 'type': 'weakness'}","{'is_fixable_manually': False, 'is_fixable_snyk': False, 'is_fixable_upstream': False, 'is_patchable': False, 'is_pinnable': False, 'is_upgradeable': False, 'reachability': 'no-info', 'representations': [{'dependency': {'package_name': 'libksba/libksba8', 'package_version': '1.3.5-2'}}]}",2024-02-08T01:38:40.917Z,critical,False,SNYK-DEBIAN10-LIBKSBA-3179190,"{'id': 'SNYK-DEBIAN10-LIBKSBA-3179190', 'source': 'SNYK', 'type': 'vulnerability', 'updated_at': '2024-02-22T07:21:19.964169Z'},{'id': 'CVE-2022-47629', 'source': 'NVD', 'type': 'vulnerability', 'updated_at': '2024-02-22T07:21:19.96417Z', 'url': 'https://nvd.nist.gov/vuln/detail/CVE-2022-47629'}",,v1,180,open,Integer Overflow or Wraparound,package_vulnerability,2024-02-22T07:21:06.255Z,334a7d7f-1ca9-4feb-8cf6-362f0ecf9265
"{'id': 'CWE-193', 'source': 'CWE', 'type': 'weakness'}","{'is_fixable_manually': False, 'is_fixable_snyk': False, 'is_fixable_upstream': False, 'is_patchable': False, 'is_pinnable': False, 'is_upgradeable': False, 'reachability': 'no-info', 'representations': [{'dependency': {'package_name': 'libtasn1-6', 'package_version': '4.13-3'}}]},{'is_fixable_manually': False, 'is_fixable_snyk': False, 'is_fixable_upstream': False, 'is_patchable': False, 'is_pinnable': False, 'is_upgradeable': False, 'reachability': 'no-info', 'representations': [{'dependency': {'package_name': 'libtasn1-6/libtasn1-6-dev', 'package_version': '4.13-3'}}]}",2024-02-08T01:38:40.917Z,critical,False,SNYK-DEBIAN10-LIBTASN16-3061094,"{'id': 'SNYK-DEBIAN10-LIBTASN16-3061094', 'source': 'SNYK', 'type': 'vulnerability', 'updated_at': '2024-02-22T07:21:19.965077Z'},{'id': 'CVE-2021-46848', 'source': 'NVD', 'type': 'vulnerability', 'updated_at': '2024-02-22T07:21:19.965078Z', 'url': 'https://nvd.nist.gov/vuln/detail/CVE-2021-46848'}",,v1,159,open,Off-by-one Error,package_vulnerability,2024-02-22T07:21:06.255Z,634a743e-e63a-44df-ac6b-1b96544002a2
"{'id': 'CWE-78', 'source': 'CWE', 'type': 'weakness'}","{'is_fixable_manually': False, 'is_fixable_snyk': True, 'is_fixable_upstream': False, 'is_patchable': False, 'is_pinnable': False, 'is_upgradeable': True, 'reachability': 'no-info', 'representations': [{'dependency': {'package_name': 'openssl/libssl-dev', 'package_version': '1.1.1n-0+deb10u1'}}]},{'is_fixable_manually': False, 'is_fixable_snyk': True, 'is_fixable_upstream': False, 'is_patchable': False, 'is_pinnable': False, 'is_upgradeable': True, 'reachability': 'no-info', 'representations': [{'dependency': {'package_name': 'openssl/libssl1.1', 'package_version': '1.1.1n-0+deb10u1'}}]},{'is_fixable_manually': False, 'is_fixable_snyk': False, 'is_fixable_upstream': False, 'is_patchable': False, 'is_pinnable': False, 'is_upgradeable': False, 'reachability': 'no-info', 'representations': [{'dependency': {'package_name': 'openssl', 'package_version': '1.1.1n-0+deb10u1'}}]}",2024-02-08T01:38:40.917Z,critical,False,SNYK-DEBIAN10-OPENSSL-2807585,"{'id': 'SNYK-DEBIAN10-OPENSSL-2807585', 'source': 'SNYK', 'type': 'vulnerability', 'updated_at': '2024-04-19T02:06:30.080022Z'},{'id': 'CVE-2022-1292', 'source': 'NVD', 'type': 'vulnerability', 'updated_at': '2024-04-19T02:06:30.080022Z', 'url': 'https://nvd.nist.gov/vuln/detail/CVE-2022-1292'}",,v1,274,open,OS Command Injection,package_vulnerability,2024-04-19T01:57:24.048Z,6e1abdff-a678-4be5-9a76-7da0ad38ad58
"{'id': 'CWE-89', 'source': 'CWE', 'type': 'weakness'}","{'is_fixable_manually': False, 'is_fixable_snyk': False, 'is_fixable_upstream': False, 'is_patchable': False, 'is_pinnable': False, 'is_upgradeable': False, 'reachability': 'no-info', 'representations': [{'dependency': {'package_name': 'openldap/libldap-common', 'package_version': '2.4.47+dfsg-3+deb10u6'}}]},{'is_fixable_manually': False, 'is_fixable_snyk': False, 'is_fixable_upstream': False, 'is_patchable': False, 'is_pinnable': False, 'is_upgradeable': False, 'reachability': 'no-info', 'representations': [{'dependency': {'package_name': 'openldap/libldap-2.4-2', 'package_version': '2.4.47+dfsg-3+deb10u6'}}]}",2024-02-08T01:38:40.917Z,critical,False,SNYK-DEBIAN10-OPENLDAP-2808412,"{'id': 'SNYK-DEBIAN10-OPENLDAP-2808412', 'source': 'SNYK', 'type': 'vulnerability', 'updated_at': '2024-02-22T07:21:26.573278Z'},{'id': 'CVE-2022-29155', 'source': 'NVD', 'type': 'vulnerability', 'updated_at': '2024-02-22T07:21:26.573279Z', 'url': 'https://nvd.nist.gov/vuln/detail/CVE-2022-29155'}",,v1,182,open,SQL Injection,package_vulnerability,2024-02-22T07:21:06.26Z,76e9f0c7-3f30-4578-a600-b2a3070d837f
"{'id': 'CWE-78', 'source': 'CWE', 'type': 'weakness'}","{'is_fixable_manually': False, 'is_fixable_snyk': True, 'is_fixable_upstream': False, 'is_patchable': False, 'is_pinnable': False, 'is_upgradeable': True, 'reachability': 'no-info', 'representations': [{'dependency': {'package_name': 'openssl/libssl1.1', 'package_version': '1.1.1n-0+deb10u1'}}]},{'is_fixable_manually': False, 'is_fixable_snyk': False, 'is_fixable_upstream': False, 'is_patchable': False, 'is_pinnable': False, 'is_upgradeable': False, 'reachability': 'no-info', 'representations': [{'dependency': {'package_name': 'openssl', 'package_version': '1.1.1n-0+deb10u1'}}]},{'is_fixable_manually': False, 'is_fixable_snyk': True, 'is_fixable_upstream': False, 'is_patchable': False, 'is_pinnable': False, 'is_upgradeable': True, 'reachability': 'no-info', 'representations': [{'dependency': {'package_name': 'openssl/libssl-dev', 'package_version': '1.1.1n-0+deb10u1'}}]}",2024-02-08T01:38:40.917Z,critical,False,SNYK-DEBIAN10-OPENSSL-2933515,"{'id': 'SNYK-DEBIAN10-OPENSSL-2933515', 'source': 'SNYK', 'type': 'vulnerability', 'updated_at': '2024-02-22T07:21:26.572561Z'},{'id': 'CVE-2022-2068', 'source': 'NVD', 'type': 'vulnerability', 'updated_at': '2024-02-22T07:21:26.572562Z', 'url': 'https://nvd.nist.gov/vuln/detail/CVE-2022-2068'}",,v1,267,open,OS Command Injection,package_vulnerability,2024-02-22T07:21:06.261Z,9880d8d9-1523-4a97-becb-9b92c93292ff
"{'id': 'CWE-125', 'source': 'CWE', 'type': 'weakness'}","{'is_fixable_manually': False, 'is_fixable_snyk': False, 'is_fixable_upstream': False, 'is_patchable': False, 'is_pinnable': False, 'is_upgradeable': False, 'reachability': 'no-info', 'representations': [{'dependency': {'package_name': 'pcre2/libpcre2-8-0', 'package_version': '10.32-5'}}]}",2024-02-08T01:38:40.917Z,critical,False,SNYK-DEBIAN10-PCRE2-2808698,"{'id': 'SNYK-DEBIAN10-PCRE2-2808698', 'source': 'SNYK', 'type': 'vulnerability', 'updated_at': '2024-02-22T07:21:26.572833Z'},{'id': 'CVE-2022-1587', 'source': 'NVD', 'type': 'vulnerability', 'updated_at': '2024-02-22T07:21:26.572833Z', 'url': 'https://nvd.nist.gov/vuln/detail/CVE-2022-1587'}",,v1,159,open,Out-of-bounds Read,package_vulnerability,2024-02-22T07:21:06.261Z,b87f30b1-0920-4a62-944a-bfbab91d88bf
"{'id': 'CWE-120', 'source': 'CWE', 'type': 'weakness'}","{'is_fixable_manually': False, 'is_fixable_snyk': False, 'is_fixable_upstream': False, 'is_patchable': False, 'is_pinnable': False, 'is_upgradeable': False, 'reachability': 'no-info', 'representations': [{'dependency': {'package_name': 'python2.7/python2.7-minimal', 'package_version': '2.7.16-2+deb10u1'}}]},{'is_fixable_manually': False, 'is_fixable_snyk': False, 'is_fixable_upstream': False, 'is_patchable': False, 'is_pinnable': False, 'is_upgradeable': False, 'reachability': 'no-info', 'representations': [{'dependency': {'package_name': 'python2.7', 'package_version': '2.7.16-2+deb10u1'}}]},{'is_fixable_manually': False, 'is_fixable_snyk': False, 'is_fixable_upstream': False, 'is_patchable': False, 'is_pinnable': False, 'is_upgradeable': False, 'reachability': 'no-info', 'representations': [{'dependency': {'package_name': 'python2.7/libpython2.7-minimal', 'package_version': '2.7.16-2+deb10u1'}}]},{'is_fixable_manually': False, 'is_fixable_snyk': False, 'is_fixable_upstream': False, 'is_patchable': False, 'is_pinnable': False, 'is_upgradeable': False, 'reachability': 'no-info', 'representations': [{'dependency': {'package_name': 'python2.7/libpython2.7-stdlib', 'package_version': '2.7.16-2+deb10u1'}}]}",2024-02-08T01:38:40.917Z,critical,False,SNYK-DEBIAN10-PYTHON27-1063178,"{'id': 'SNYK-DEBIAN10-PYTHON27-1063178', 'source': 'SNYK', 'type': 'vulnerability', 'updated_at': '2024-02-22T07:21:32.731308Z'},{'id': 'CVE-2021-3177', 'source': 'NVD', 'type': 'vulnerability', 'updated_at': '2024-02-22T07:21:32.731309Z', 'url': 'https://nvd.nist.gov/vuln/detail/CVE-2021-3177'}",,v1,189,open,Buffer Overflow,package_vulnerability,2024-02-22T07:21:06.262Z,d74135fc-41a9-420d-b425-546ec6068e48
"{'id': 'CWE-125', 'source': 'CWE', 'type': 'weakness'}","{'is_fixable_manually': False, 'is_fixable_snyk': False, 'is_fixable_upstream': False, 'is_patchable': False, 'is_pinnable': False, 'is_upgradeable': False, 'reachability': 'no-info', 'representations': [{'dependency': {'package_name': 'pcre2/libpcre2-8-0', 'package_version': '10.32-5'}}]}",2024-02-08T01:38:40.917Z,critical,False,SNYK-DEBIAN10-PCRE2-2808696,"{'id': 'SNYK-DEBIAN10-PCRE2-2808696', 'source': 'SNYK', 'type': 'vulnerability', 'updated_at': '2024-02-22T07:21:32.731408Z'},{'id': 'CVE-2022-1586', 'source': 'NVD', 'type': 'vulnerability', 'updated_at': '2024-02-22T07:21:32.731409Z', 'url': 'https://nvd.nist.gov/vuln/detail/CVE-2022-1586'}",,v1,159,open,Out-of-bounds Read,package_vulnerability,2024-02-22T07:21:06.261Z,d9705e84-45a3-4372-9f9c-91d2effaba80
"{'id': 'CWE-190', 'source': 'CWE', 'type': 'weakness'}","{'is_fixable_manually': False, 'is_fixable_snyk': True, 'is_fixable_upstream': False, 'is_patchable': False, 'is_pinnable': False, 'is_upgradeable': True, 'reachability': 'no-info', 'representations': [{'dependency': {'package_name': 'python3.7/libpython3.7-minimal', 'package_version': '3.7.3-2+deb10u3'}}]},{'is_fixable_manually': False, 'is_fixable_snyk': False, 'is_fixable_upstream': False, 'is_patchable': False, 'is_pinnable': False, 'is_upgradeable': False, 'reachability': 'no-info', 'representations': [{'dependency': {'package_name': 'python3.7/libpython3.7-stdlib', 'package_version': '3.7.3-2+deb10u3'}}]},{'is_fixable_manually': False, 'is_fixable_snyk': False, 'is_fixable_upstream': False, 'is_patchable': False, 'is_pinnable': False, 'is_upgradeable': False, 'reachability': 'no-info', 'representations': [{'dependency': {'package_name': 'python3.7/python3.7-minimal', 'package_version': '3.7.3-2+deb10u3'}}]},{'is_fixable_manually': False, 'is_fixable_snyk': False, 'is_fixable_upstream': False, 'is_patchable': False, 'is_pinnable': False, 'is_upgradeable': False, 'reachability': 'no-info', 'representations': [{'dependency': {'package_name': 'python3.7', 'package_version': '3.7.3-2+deb10u3'}}]}",2024-02-08T01:38:40.917Z,critical,False,SNYK-DEBIAN10-PYTHON37-3090928,"{'id': 'SNYK-DEBIAN10-PYTHON37-3090928', 'source': 'SNYK', 'type': 'vulnerability', 'updated_at': '2024-04-03T16:41:19.943556Z'},{'id': 'CVE-2022-37454', 'source': 'NVD', 'type': 'vulnerability', 'updated_at': '2024-04-03T16:41:19.943557Z', 'url': 'https://nvd.nist.gov/vuln/detail/CVE-2022-37454'}",,v1,244,open,Integer Overflow or Wraparound,package_vulnerability,2024-04-03T16:41:16.512Z,dd2eb6a5-dc5b-43f1-a1ea-3dfd13b39d64
"{'id': 'CWE-611', 'source': 'CWE', 'type': 'weakness'}","{'is_fixable_manually': False, 'is_fixable_snyk': False, 'is_fixable_upstream': False, 'is_patchable': False, 'is_pinnable': False, 'is_upgradeable': False, 'reachability': 'no-info', 'representations': [{'dependency': {'package_name': 'python2.7', 'package_version': '2.7.16-2+deb10u1'}}]},{'is_fixable_manually': False, 'is_fixable_snyk': False, 'is_fixable_upstream': False, 'is_patchable': False, 'is_pinnable': False, 'is_upgradeable': False, 'reachability': 'no-info', 'representations': [{'dependency': {'package_name': 'python2.7/libpython2.7-stdlib', 'package_version': '2.7.16-2+deb10u1'}}]},{'is_fixable_manually': False, 'is_fixable_snyk': False, 'is_fixable_upstream': False, 'is_patchable': False, 'is_pinnable': False, 'is_upgradeable': False, 'reachability': 'no-info', 'representations': [{'dependency': {'package_name': 'python2.7/libpython2.7-minimal', 'package_version': '2.7.16-2+deb10u1'}}]},{'is_fixable_manually': False, 'is_fixable_snyk': False, 'is_fixable_upstream': False, 'is_patchable': False, 'is_pinnable': False, 'is_upgradeable': False, 'reachability': 'no-info', 'representations': [{'dependency': {'package_name': 'python2.7/python2.7-minimal', 'package_version': '2.7.16-2+deb10u1'}}]}",2024-02-08T01:38:40.917Z,critical,False,SNYK-DEBIAN10-PYTHON27-5853772,"{'id': 'SNYK-DEBIAN10-PYTHON27-5853772', 'source': 'SNYK', 'type': 'vulnerability', 'updated_at': '2024-02-22T07:21:32.731112Z'},{'id': 'CVE-2022-48565', 'source': 'NVD', 'type': 'vulnerability', 'updated_at': '2024-02-22T07:21:32.731113Z', 'url': 'https://nvd.nist.gov/vuln/detail/CVE-2022-48565'}",,v1,198,open,XML External Entity (XXE) Injection,package_vulnerability,2024-02-22T07:21:06.263Z,f9d4fe3d-db15-4a11-a647-388cba2768c5
"{'id': 'CWE-611', 'source': 'CWE', 'type': 'weakness'}","{'is_fixable_manually': False, 'is_fixable_snyk': False, 'is_fixable_upstream': False, 'is_patchable': False, 'is_pinnable': False, 'is_upgradeable': False, 'reachability': 'no-info', 'representations': [{'dependency': {'package_name': 'python3.7/libpython3.7-stdlib', 'package_version': '3.7.3-2+deb10u3'}}]},{'is_fixable_manually': False, 'is_fixable_snyk': False, 'is_fixable_upstream': False, 'is_patchable': False, 'is_pinnable': False, 'is_upgradeable': False, 'reachability': 'no-info', 'representations': [{'dependency': {'package_name': 'python3.7/python3.7-minimal', 'package_version': '3.7.3-2+deb10u3'}}]},{'is_fixable_manually': False, 'is_fixable_snyk': False, 'is_fixable_upstream': False, 'is_patchable': False, 'is_pinnable': False, 'is_upgradeable': False, 'reachability': 'no-info', 'representations': [{'dependency': {'package_name': 'python3.7', 'package_version': '3.7.3-2+deb10u3'}}]},{'is_fixable_manually': False, 'is_fixable_snyk': True, 'is_fixable_upstream': False, 'is_patchable': False, 'is_pinnable': False, 'is_upgradeable': True, 'reachability': 'no-info', 'representations': [{'dependency': {'package_name': 'python3.7/libpython3.7-minimal', 'package_version': '3.7.3-2+deb10u3'}}]}",2024-02-08T01:38:40.918Z,critical,False,SNYK-DEBIAN10-PYTHON37-5851336,"{'id': 'SNYK-DEBIAN10-PYTHON37-5851336', 'source': 'SNYK', 'type': 'vulnerability', 'updated_at': '2024-02-22T07:21:19.965365Z'},{'id': 'CVE-2022-48565', 'source': 'NVD', 'type': 'vulnerability', 'updated_at': '2024-02-22T07:21:19.965365Z', 'url': 'https://nvd.nist.gov/vuln/detail/CVE-2022-48565'}",,v1,264,open,XML External Entity (XXE) Injection,package_vulnerability,2024-02-22T07:21:06.263Z,522a9bd8-aebc-4736-b4bc-481b45251937
"{'id': 'CWE-190', 'source': 'CWE', 'type': 'weakness'}","{'is_fixable_manually': False, 'is_fixable_snyk': False, 'is_fixable_upstream': False, 'is_patchable': False, 'is_pinnable': False, 'is_upgradeable': False, 'reachability': 'no-info', 'representations': [{'dependency': {'package_name': 'zlib/zlib1g', 'package_version': '1:1.2.11.dfsg-1+deb10u1'}}]},{'is_fixable_manually': False, 'is_fixable_snyk': False, 'is_fixable_upstream': False, 'is_patchable': False, 'is_pinnable': False, 'is_upgradeable': False, 'reachability': 'no-info', 'representations': [{'dependency': {'package_name': 'zlib/zlib1g-dev', 'package_version': '1:1.2.11.dfsg-1+deb10u1'}}]}",2024-02-08T01:38:40.918Z,critical,False,SNYK-DEBIAN10-ZLIB-6008964,"{'id': 'SNYK-DEBIAN10-ZLIB-6008964', 'source': 'SNYK', 'type': 'vulnerability', 'updated_at': '2024-02-22T07:21:19.96639Z'},{'id': 'CVE-2023-45853', 'source': 'NVD', 'type': 'vulnerability', 'updated_at': '2024-02-22T07:21:19.96639Z', 'url': 'https://nvd.nist.gov/vuln/detail/CVE-2023-45853'}",,v1,264,open,Integer Overflow or Wraparound,package_vulnerability,2024-02-22T07:21:06.271Z,62a597ca-bb13-4cf0-be12-d317857d29b4
"{'id': 'CWE-787', 'source': 'CWE', 'type': 'weakness'}","{'is_fixable_manually': False, 'is_fixable_snyk': True, 'is_fixable_upstream': False, 'is_patchable': False, 'is_pinnable': False, 'is_upgradeable': True, 'reachability': 'no-info', 'representations': [{'dependency': {'package_name': 'zlib/zlib1g', 'package_version': '1:1.2.11.dfsg-1+deb10u1'}}]},{'is_fixable_manually': False, 'is_fixable_snyk': True, 'is_fixable_upstream': False, 'is_patchable': False, 'is_pinnable': False, 'is_upgradeable': True, 'reachability': 'no-info', 'representations': [{'dependency': {'package_name': 'zlib/zlib1g-dev', 'package_version': '1:1.2.11.dfsg-1+deb10u1'}}]}",2024-02-08T01:38:40.918Z,critical,False,SNYK-DEBIAN10-ZLIB-2976149,"{'id': 'SNYK-DEBIAN10-ZLIB-2976149', 'source': 'SNYK', 'type': 'vulnerability', 'updated_at': '2024-02-22T07:21:26.5749Z'},{'id': 'CVE-2022-37434', 'source': 'NVD', 'type': 'vulnerability', 'updated_at': '2024-02-22T07:21:26.5749Z', 'url': 'https://nvd.nist.gov/vuln/detail/CVE-2022-37434'}",,v1,240,open,Out-of-bounds Write,package_vulnerability,2024-02-22T07:21:06.271Z,af4921f1-bd7b-416a-8000-7609c8369611
"{'id': 'CWE-119', 'source': 'CWE', 'type': 'weakness'}","{'is_fixable_manually': False, 'is_fixable_snyk': True, 'is_fixable_upstream': False, 'is_patchable': False, 'is_pinnable': False, 'is_upgradeable': True, 'reachability': 'no-info', 'representations': [{'dependency': {'package_name': 'sqlite3/libsqlite3-0', 'package_version': '3.27.2-3+deb10u1'}}]},{'is_fixable_manually': False, 'is_fixable_snyk': True, 'is_fixable_upstream': False, 'is_patchable': False, 'is_pinnable': False, 'is_upgradeable': True, 'reachability': 'no-info', 'representations': [{'dependency': {'package_name': 'sqlite3/libsqlite3-dev', 'package_version': '3.27.2-3+deb10u1'}}]}",2024-02-08T01:38:40.918Z,critical,False,SNYK-DEBIAN10-SQLITE3-3011634,"{'id': 'CVE-2020-35527', 'source': 'NVD', 'type': 'vulnerability', 'updated_at': '2024-02-22T07:21:26.572618Z', 'url': 'https://nvd.nist.gov/vuln/detail/CVE-2020-35527'},{'id': 'SNYK-DEBIAN10-SQLITE3-3011634', 'source': 'SNYK', 'type': 'vulnerability', 'updated_at': '2024-02-22T07:21:26.572617Z'}",,v1,240,open,Out-of-Bounds,package_vulnerability,2024-02-22T07:21:06.264Z,cc2859be-a2ef-4b95-bdcd-20173ed3d435
"{'id': 'CWE-94', 'source': 'CWE', 'type': 'weakness'}","{'is_fixable_manually': False, 'is_fixable_snyk': False, 'is_fixable_upstream': False, 'is_patchable': False, 'is_pinnable': False, 'is_upgradeable': False, 'reachability': 'no-info', 'representations': [{'dependency': {'package_name': 'vm2', 'package_version': '3.9.3'}}]}",2024-02-08T01:39:00.553Z,critical,False,SNYK-JS-VM2-5772825,"{'id': 'SNYK-JS-VM2-5772825', 'source': 'SNYK', 'type': 'vulnerability', 'updated_at': '2024-03-17T20:13:45.433698Z'},{'id': 'CVE-2023-37466', 'source': 'NVD', 'type': 'vulnerability', 'updated_at': '2024-03-17T20:13:45.433701Z', 'url': 'https://nvd.nist.gov/vuln/detail/CVE-2023-37466'}",,v1,374,open,Remote Code Execution (RCE),package_vulnerability,2024-03-17T20:13:31.923Z,019e6d0b-8b9c-4d9f-a62b-28c612159adc
"{'id': 'CWE-89', 'source': 'CWE', 'type': 'weakness'}","{'is_fixable_manually': False, 'is_fixable_snyk': True, 'is_fixable_upstream': False, 'is_patchable': False, 'is_pinnable': False, 'is_upgradeable': True, 'reachability': 'no-info', 'representations': [{'dependency': {'package_name': 'sequelize', 'package_version': '5.22.5'}}]}",2024-02-08T01:39:00.553Z,critical,False,SNYK-JS-SEQUELIZE-2932027,"{'id': 'SNYK-JS-SEQUELIZE-2932027', 'source': 'SNYK', 'type': 'vulnerability', 'updated_at': '2024-02-21T17:37:03.661106Z'},{'id': 'CVE-2023-25813', 'source': 'NVD', 'type': 'vulnerability', 'updated_at': '2024-02-21T17:37:03.661107Z', 'url': 'https://nvd.nist.gov/vuln/detail/CVE-2023-25813'}",,v1,321,open,SQL Injection,package_vulnerability,2024-02-21T17:36:47.474Z,164e0df3-45e5-44ae-8885-d7e94b5766b0
"{'id': 'CWE-265', 'source': 'CWE', 'type': 'weakness'},{'id': 'CWE-1321', 'source': 'CWE', 'type': 'weakness'}","{'is_fixable_manually': False, 'is_fixable_snyk': False, 'is_fixable_upstream': False, 'is_patchable': False, 'is_pinnable': False, 'is_upgradeable': False, 'reachability': 'no-info', 'representations': [{'dependency': {'package_name': 'vm2', 'package_version': '3.9.3'}}]}",2024-02-08T01:39:00.553Z,critical,False,SNYK-JS-VM2-1585918,"{'id': 'SNYK-JS-VM2-1585918', 'source': 'SNYK', 'type': 'vulnerability', 'updated_at': '2024-02-21T17:37:03.660806Z'},{'id': 'CVE-2021-23449', 'source': 'NVD', 'type': 'vulnerability', 'updated_at': '2024-02-21T17:37:03.660807Z', 'url': 'https://nvd.nist.gov/vuln/detail/CVE-2021-23449'}",,v1,260,open,Sandbox Bypass,package_vulnerability,2024-02-21T17:36:47.474Z,1aed79d1-f34a-47ad-8254-801a4e501843
"{'id': 'CWE-913', 'source': 'CWE', 'type': 'weakness'}","{'is_fixable_manually': False, 'is_fixable_snyk': False, 'is_fixable_upstream': False, 'is_patchable': False, 'is_pinnable': False, 'is_upgradeable': False, 'reachability': 'no-info', 'representations': [{'dependency': {'package_name': 'vm2', 'package_version': '3.9.3'}}]}",2024-02-08T01:39:00.553Z,critical,False,SNYK-JS-VM2-5422057,"{'id': 'CVE-2023-29199', 'source': 'NVD', 'type': 'vulnerability', 'updated_at': '2024-04-21T22:43:32.114777Z', 'url': 'https://nvd.nist.gov/vuln/detail/CVE-2023-29199'},{'id': 'SNYK-JS-VM2-5422057', 'source': 'SNYK', 'type': 'vulnerability', 'updated_at': '2024-04-21T22:43:32.114774Z'}",,v1,263,open,Sandbox Escape,package_vulnerability,2024-04-21T22:43:31.635Z,307d7daf-e79b-4d94-a646-bf822b7cff82
"{'id': 'CWE-94', 'source': 'CWE', 'type': 'weakness'}","{'is_fixable_manually': False, 'is_fixable_snyk': False, 'is_fixable_upstream': False, 'is_patchable': False, 'is_pinnable': False, 'is_upgradeable': False, 'reachability': 'no-info', 'representations': [{'dependency': {'package_name': 'vm2', 'package_version': '3.9.3'}}]}",2024-02-08T01:39:00.553Z,critical,False,SNYK-JS-VM2-5772823,"{'id': 'SNYK-JS-VM2-5772823', 'source': 'SNYK', 'type': 'vulnerability', 'updated_at': '2024-02-21T17:37:03.661547Z'},{'id': 'CVE-2023-37903', 'source': 'NVD', 'type': 'vulnerability', 'updated_at': '2024-02-21T17:37:03.661547Z', 'url': 'https://nvd.nist.gov/vuln/detail/CVE-2023-37903'}",,v1,276,open,Remote Code Execution (RCE),package_vulnerability,2024-02-21T17:36:47.474Z,421b4d6e-1ac6-41ae-9b9f-5bcf56959573
"{'id': 'CWE-94', 'source': 'CWE', 'type': 'weakness'}","{'is_fixable_manually': False, 'is_fixable_snyk': True, 'is_fixable_upstream': False, 'is_patchable': False, 'is_pinnable': False, 'is_upgradeable': True, 'reachability': 'no-info', 'representations': [{'dependency': {'package_name': 'sanitize-html', 'package_version': '1.4.2'}}]}",2024-02-08T01:39:00.553Z,critical,False,SNYK-JS-SANITIZEHTML-585892,"{'id': 'SNYK-JS-SANITIZEHTML-585892', 'source': 'SNYK', 'type': 'vulnerability', 'updated_at': '2024-02-21T17:37:03.661389Z'}",,v1,233,open,Arbitrary Code Execution,package_vulnerability,2024-02-21T17:36:47.474Z,4411bc09-2aa9-4bd7-85a5-1ee3a3dd0a2d
"{'id': 'CWE-265', 'source': 'CWE', 'type': 'weakness'}","{'is_fixable_manually': False, 'is_fixable_snyk': False, 'is_fixable_upstream': False, 'is_patchable': False, 'is_pinnable': False, 'is_upgradeable': False, 'reachability': 'no-info', 'representations': [{'dependency': {'package_name': 'vm2', 'package_version': '3.9.3'}}]}",2024-02-08T01:39:00.553Z,critical,False,SNYK-JS-VM2-5537100,"{'id': 'CVE-2023-32314', 'source': 'NVD', 'type': 'vulnerability', 'updated_at': '2024-04-16T01:36:32.54483Z', 'url': 'https://nvd.nist.gov/vuln/detail/CVE-2023-32314'},{'id': 'SNYK-JS-VM2-5537100', 'source': 'SNYK', 'type': 'vulnerability', 'updated_at': '2024-04-16T01:36:32.544828Z'}",,v1,277,open,Sandbox Bypass,package_vulnerability,2024-04-16T01:36:12.543Z,482d8646-996d-44ef-8907-92374230d7d0
"{'id': 'CWE-265', 'source': 'CWE', 'type': 'weakness'}","{'is_fixable_manually': False, 'is_fixable_snyk': False, 'is_fixable_upstream': False, 'is_patchable': False, 'is_pinnable': False, 'is_upgradeable': False, 'reachability': 'no-info', 'representations': [{'dependency': {'package_name': 'vm2', 'package_version': '3.9.3'}}]}",2024-02-08T01:39:00.553Z,critical,False,SNYK-JS-VM2-5415299,"{'id': 'SNYK-JS-VM2-5415299', 'source': 'SNYK', 'type': 'vulnerability', 'updated_at': '2024-04-14T18:34:22.023544Z'},{'id': 'CVE-2023-29017', 'source': 'NVD', 'type': 'vulnerability', 'updated_at': '2024-04-14T18:34:22.023545Z', 'url': 'https://nvd.nist.gov/vuln/detail/CVE-2023-29017'}",,v1,254,open,Sandbox Escape,package_vulnerability,2024-04-14T18:34:20.809Z,4ef0009f-4c89-49e1-bdd4-8d7d77a2ffcd
